   8.8314597e+01	   0.0000000e+00	
   8.8627012e+01	   0.0000000e+00	
   8.8781433e+01	   0.0000000e+00	
   8.8926595e+01	   0.0000000e+00	
   8.8941951e+01	   0.0000000e+00	
   8.8971090e+01	   0.0000000e+00	
   8.9055788e+01	   0.0000000e+00	
   8.9300309e+01	   0.0000000e+00	
   8.9320124e+01	   0.0000000e+00	
   8.9512303e+01	   0.0000000e+00	
   8.9734013e+01	   0.0000000e+00	
   9.0016541e+01	   0.0000000e+00	
   9.0235850e+01	   0.0000000e+00	
   9.0433383e+01	   0.0000000e+00	
   9.0576392e+01	   0.0000000e+00	
   9.0607127e+01	   0.0000000e+00	
   9.0635624e+01	   0.0000000e+00	
   9.0677209e+01	   0.0000000e+00	
   9.0761341e+01	   0.0000000e+00	
   9.1009899e+01	   0.0000000e+00	
   9.1068056e+01	   0.0000000e+00	
   9.1076218e+01	   0.0000000e+00	
   9.1191567e+01	   1.0000000e+00	
   9.1260075e+01	   0.0000000e+00	
   9.1299196e+01	   0.0000000e+00	
   9.1299277e+01	   0.0000000e+00	
   9.1362842e+01	   0.0000000e+00	
   9.1429089e+01	   0.0000000e+00	
   9.1440407e+01	   0.0000000e+00	
   9.1484364e+01	   0.0000000e+00	
   9.1493478e+01	   0.0000000e+00	
   9.1536439e+01	   0.0000000e+00	
   9.1571757e+01	   0.0000000e+00	
   9.1576763e+01	   0.0000000e+00	
   9.1698841e+01	   0.0000000e+00	
   9.1738324e+01	   0.0000000e+00	
   9.1744401e+01	   0.0000000e+00	
   9.1786685e+01	   0.0000000e+00	
   9.1880172e+01	   0.0000000e+00	
   9.1886029e+01	   0.0000000e+00	
   9.1910660e+01	   0.0000000e+00	
   9.1911530e+01	   0.0000000e+00	
   9.1964062e+01	   0.0000000e+00	
   9.1964779e+01	   0.0000000e+00	
   9.1976953e+01	   0.0000000e+00	
   9.2054120e+01	   0.0000000e+00	
   9.2124859e+01	   0.0000000e+00	
   9.2210783e+01	   1.0000000e+00	
   9.2221145e+01	   0.0000000e+00	
   9.2246381e+01	   0.0000000e+00	
   9.2344961e+01	   1.0000000e+00	
   9.2352161e+01	   0.0000000e+00	
   9.2384159e+01	   0.0000000e+00	
   9.2445809e+01	   1.0000000e+00	
   9.2451406e+01	   1.0000000e+00	
   9.2454548e+01	   0.0000000e+00	
   9.2482773e+01	   0.0000000e+00	
   9.2547106e+01	   0.0000000e+00	
   9.2553742e+01	   0.0000000e+00	
   9.2590017e+01	   0.0000000e+00	
   9.2644276e+01	   0.0000000e+00	
   9.2656113e+01	   0.0000000e+00	
   9.2681884e+01	   0.0000000e+00	
   9.2732803e+01	   0.0000000e+00	
   9.2786352e+01	   0.0000000e+00	
   9.2833068e+01	   0.0000000e+00	
   9.2834587e+01	   0.0000000e+00	
   9.2860677e+01	   0.0000000e+00	
   9.2875343e+01	   0.0000000e+00	
   9.2892048e+01	   0.0000000e+00	
   9.2897891e+01	   0.0000000e+00	
   9.2903277e+01	   1.0000000e+00	
   9.2908919e+01	   0.0000000e+00	
   9.2995773e+01	   0.0000000e+00	
   9.3018087e+01	   1.0000000e+00	
   9.3023798e+01	   0.0000000e+00	
   9.3066575e+01	   0.0000000e+00	
   9.3072651e+01	   0.0000000e+00	
   9.3101661e+01	   1.0000000e+00	
   9.3108553e+01	   0.0000000e+00	
   9.3129996e+01	   0.0000000e+00	
   9.3151465e+01	   0.0000000e+00	
   9.3153212e+01	   0.0000000e+00	
   9.3164168e+01	   0.0000000e+00	
   9.3199730e+01	   0.0000000e+00	
   9.3202634e+01	   0.0000000e+00	
   9.3212122e+01	   0.0000000e+00	
   9.3232920e+01	   0.0000000e+00	
   9.3247122e+01	   0.0000000e+00	
   9.3307142e+01	   0.0000000e+00	
   9.3310725e+01	   0.0000000e+00	
   9.3341642e+01	   0.0000000e+00	
   9.3341978e+01	   0.0000000e+00	
   9.3364432e+01	   1.0000000e+00	
   9.3384913e+01	   0.0000000e+00	
   9.3452161e+01	   0.0000000e+00	
   9.3465845e+01	   0.0000000e+00	
   9.3473259e+01	   0.0000000e+00	
   9.3508938e+01	   0.0000000e+00	
   9.3511003e+01	   0.0000000e+00	
   9.3519975e+01	   0.0000000e+00	
   9.3530207e+01	   0.0000000e+00	
   9.3562194e+01	   1.0000000e+00	
   9.3562494e+01	   1.0000000e+00	
   9.3594704e+01	   0.0000000e+00	
   9.3598294e+01	   0.0000000e+00	
   9.3612710e+01	   0.0000000e+00	
   9.3621332e+01	   0.0000000e+00	
   9.3623258e+01	   0.0000000e+00	
   9.3627321e+01	   0.0000000e+00	
   9.3640743e+01	   0.0000000e+00	
   9.3659176e+01	   1.0000000e+00	
   9.3672377e+01	   0.0000000e+00	
   9.3677040e+01	   0.0000000e+00	
   9.3730121e+01	   0.0000000e+00	
   9.3731085e+01	   0.0000000e+00	
   9.3780294e+01	   0.0000000e+00	
   9.3793263e+01	   0.0000000e+00	
   9.3793593e+01	   1.0000000e+00	
   9.3806496e+01	   0.0000000e+00	
   9.3819699e+01	   0.0000000e+00	
   9.3825511e+01	   0.0000000e+00	
   9.3839862e+01	   0.0000000e+00	
   9.3859418e+01	   0.0000000e+00	
   9.3864684e+01	   0.0000000e+00	
   9.3890161e+01	   0.0000000e+00	
   9.3900178e+01	   0.0000000e+00	
   9.3903746e+01	   0.0000000e+00	
   9.3905820e+01	   0.0000000e+00	
   9.3909281e+01	   1.0000000e+00	
   9.3918209e+01	   0.0000000e+00	
   9.3928136e+01	   0.0000000e+00	
   9.3941878e+01	   1.0000000e+00	
   9.3956343e+01	   0.0000000e+00	
   9.3962469e+01	   0.0000000e+00	
   9.4019049e+01	   1.0000000e+00	
   9.4022845e+01	   0.0000000e+00	
   9.4029678e+01	   0.0000000e+00	
   9.4053642e+01	   0.0000000e+00	
   9.4063350e+01	   0.0000000e+00	
   9.4071296e+01	   0.0000000e+00	
   9.4098206e+01	   0.0000000e+00	
   9.4109724e+01	   0.0000000e+00	
   9.4151258e+01	   0.0000000e+00	
   9.4152499e+01	   0.0000000e+00	
   9.4153367e+01	   0.0000000e+00	
   9.4162505e+01	   0.0000000e+00	
   9.4170237e+01	   0.0000000e+00	
   9.4181911e+01	   1.0000000e+00	
   9.4240420e+01	   0.0000000e+00	
   9.4250413e+01	   0.0000000e+00	
   9.4264185e+01	   0.0000000e+00	
   9.4265777e+01	   0.0000000e+00	
   9.4266393e+01	   1.0000000e+00	
   9.4306620e+01	   0.0000000e+00	
   9.4312307e+01	   0.0000000e+00	
   9.4318573e+01	   0.0000000e+00	
   9.4323306e+01	   0.0000000e+00	
   9.4334565e+01	   0.0000000e+00	
   9.4335243e+01	   0.0000000e+00	
   9.4340239e+01	   0.0000000e+00	
   9.4350767e+01	   1.0000000e+00	
   9.4355505e+01	   0.0000000e+00	
   9.4372621e+01	   0.0000000e+00	
   9.4384261e+01	   0.0000000e+00	
   9.4387993e+01	   0.0000000e+00	
   9.4440140e+01	   1.0000000e+00	
   9.4441071e+01	   0.0000000e+00	
   9.4446677e+01	   0.0000000e+00	
   9.4451323e+01	   0.0000000e+00	
   9.4452054e+01	   0.0000000e+00	
   9.4462411e+01	   0.0000000e+00	
   9.4477604e+01	   0.0000000e+00	
   9.4499365e+01	   0.0000000e+00	
   9.4513536e+01	   0.0000000e+00	
   9.4534223e+01	   1.0000000e+00	
   9.4534884e+01	   0.0000000e+00	
   9.4555432e+01	   1.0000000e+00	
   9.4563085e+01	   0.0000000e+00	
   9.4563907e+01	   0.0000000e+00	
   9.4564484e+01	   0.0000000e+00	
   9.4587360e+01	   0.0000000e+00	
   9.4593886e+01	   0.0000000e+00	
   9.4621065e+01	   1.0000000e+00	
   9.4638419e+01	   0.0000000e+00	
   9.4643176e+01	   0.0000000e+00	
   9.4652188e+01	   0.0000000e+00	
   9.4661613e+01	   1.0000000e+00	
   9.4663294e+01	   0.0000000e+00	
   9.4672341e+01	   0.0000000e+00	
   9.4677592e+01	   1.0000000e+00	
   9.4679960e+01	   0.0000000e+00	
   9.4686686e+01	   0.0000000e+00	
   9.4697145e+01	   0.0000000e+00	
   9.4706976e+01	   0.0000000e+00	
   9.4733654e+01	   0.0000000e+00	
   9.4735717e+01	   1.0000000e+00	
   9.4746069e+01	   0.0000000e+00	
   9.4759964e+01	   0.0000000e+00	
   9.4768223e+01	   0.0000000e+00	
   9.4771404e+01	   0.0000000e+00	
   9.4791209e+01	   0.0000000e+00	
   9.4793739e+01	   1.0000000e+00	
   9.4804939e+01	   0.0000000e+00	
   9.4818855e+01	   0.0000000e+00	
   9.4831889e+01	   0.0000000e+00	
   9.4834305e+01	   0.0000000e+00	
   9.4850192e+01	   0.0000000e+00	
   9.4850953e+01	   0.0000000e+00	
   9.4856327e+01	   0.0000000e+00	
   9.4879847e+01	   0.0000000e+00	
   9.4883875e+01	   0.0000000e+00	
   9.4884618e+01	   1.0000000e+00	
   9.4887697e+01	   0.0000000e+00	
   9.4897558e+01	   0.0000000e+00	
   9.4898625e+01	   0.0000000e+00	
   9.4900996e+01	   0.0000000e+00	
   9.4911645e+01	   0.0000000e+00	
   9.4916997e+01	   0.0000000e+00	
   9.4918938e+01	   0.0000000e+00	
   9.4954523e+01	   0.0000000e+00	
   9.4956932e+01	   0.0000000e+00	
   9.4957608e+01	   0.0000000e+00	
   9.4962897e+01	   0.0000000e+00	
   9.4963097e+01	   0.0000000e+00	
   9.4969725e+01	   0.0000000e+00	
   9.4997614e+01	   0.0000000e+00	
   9.5007955e+01	   0.0000000e+00	
   9.5011784e+01	   0.0000000e+00	
   9.5027449e+01	   0.0000000e+00	
   9.5041058e+01	   1.0000000e+00	
   9.5042253e+01	   0.0000000e+00	
   9.5064571e+01	   0.0000000e+00	
   9.5104198e+01	   1.0000000e+00	
   9.5121537e+01	   0.0000000e+00	
   9.5126513e+01	   1.0000000e+00	
   9.5126700e+01	   1.0000000e+00	
   9.5142344e+01	   1.0000000e+00	
   9.5143863e+01	   1.0000000e+00	
   9.5154919e+01	   0.0000000e+00	
   9.5171084e+01	   1.0000000e+00	
   9.5180921e+01	   0.0000000e+00	
   9.5184038e+01	   0.0000000e+00	
   9.5211885e+01	   0.0000000e+00	
   9.5212204e+01	   1.0000000e+00	
   9.5212291e+01	   0.0000000e+00	
   9.5217266e+01	   0.0000000e+00	
   9.5224134e+01	   1.0000000e+00	
   9.5227782e+01	   1.0000000e+00	
   9.5256156e+01	   0.0000000e+00	
   9.5258150e+01	   0.0000000e+00	
   9.5272466e+01	   0.0000000e+00	
   9.5308474e+01	   0.0000000e+00	
   9.5311392e+01	   0.0000000e+00	
   9.5332286e+01	   0.0000000e+00	
   9.5342039e+01	   0.0000000e+00	
   9.5347713e+01	   1.0000000e+00	
   9.5352520e+01	   0.0000000e+00	
   9.5358563e+01	   0.0000000e+00	
   9.5371084e+01	   1.0000000e+00	
   9.5373994e+01	   0.0000000e+00	
   9.5375160e+01	   0.0000000e+00	
   9.5390039e+01	   0.0000000e+00	
   9.5396478e+01	   0.0000000e+00	
   9.5415182e+01	   1.0000000e+00	
   9.5419305e+01	   0.0000000e+00	
   9.5429977e+01	   1.0000000e+00	
   9.5432598e+01	   0.0000000e+00	
   9.5459256e+01	   0.0000000e+00	
   9.5463189e+01	   0.0000000e+00	
   9.5465139e+01	   0.0000000e+00	
   9.5487852e+01	   0.0000000e+00	
   9.5501695e+01	   0.0000000e+00	
   9.5504059e+01	   0.0000000e+00	
   9.5512512e+01	   1.0000000e+00	
   9.5515075e+01	   0.0000000e+00	
   9.5516563e+01	   1.0000000e+00	
   9.5535889e+01	   0.0000000e+00	
   9.5541070e+01	   0.0000000e+00	
   9.5544828e+01	   0.0000000e+00	
   9.5550544e+01	   0.0000000e+00	
   9.5552684e+01	   1.0000000e+00	
   9.5559513e+01	   0.0000000e+00	
   9.5562281e+01	   0.0000000e+00	
   9.5575417e+01	   1.0000000e+00	
   9.5586949e+01	   0.0000000e+00	
   9.5602783e+01	   0.0000000e+00	
   9.5603986e+01	   0.0000000e+00	
   9.5605424e+01	   0.0000000e+00	
   9.5608543e+01	   0.0000000e+00	
   9.5629720e+01	   0.0000000e+00	
   9.5630625e+01	   0.0000000e+00	
   9.5630933e+01	   1.0000000e+00	
   9.5652001e+01	   0.0000000e+00	
   9.5656443e+01	   0.0000000e+00	
   9.5661050e+01	   0.0000000e+00	
   9.5666058e+01	   0.0000000e+00	
   9.5672632e+01	   0.0000000e+00	
   9.5692084e+01	   0.0000000e+00	
   9.5705268e+01	   0.0000000e+00	
   9.5708318e+01	   0.0000000e+00	
   9.5730183e+01	   0.0000000e+00	
   9.5732171e+01	   0.0000000e+00	
   9.5751336e+01	   1.0000000e+00	
   9.5754801e+01	   0.0000000e+00	
   9.5764116e+01	   1.0000000e+00	
   9.5766408e+01	   0.0000000e+00	
   9.5773174e+01	   0.0000000e+00	
   9.5780457e+01	   0.0000000e+00	
   9.5789816e+01	   0.0000000e+00	
   9.5792900e+01	   0.0000000e+00	
   9.5793578e+01	   1.0000000e+00	
   9.5805814e+01	   0.0000000e+00	
   9.5812482e+01	   1.0000000e+00	
   9.5815236e+01	   0.0000000e+00	
   9.5827821e+01	   0.0000000e+00	
   9.5828239e+01	   0.0000000e+00	
   9.5830297e+01	   0.0000000e+00	
   9.5832953e+01	   0.0000000e+00	
   9.5833154e+01	   1.0000000e+00	
   9.5838777e+01	   0.0000000e+00	
   9.5843138e+01	   0.0000000e+00	
   9.5856717e+01	   1.0000000e+00	
   9.5857839e+01	   0.0000000e+00	
   9.5864715e+01	   0.0000000e+00	
   9.5866591e+01	   0.0000000e+00	
   9.5874650e+01	   0.0000000e+00	
   9.5881880e+01	   0.0000000e+00	
   9.5886246e+01	   0.0000000e+00	
   9.5889839e+01	   0.0000000e+00	
   9.5896206e+01	   1.0000000e+00	
   9.5921191e+01	   1.0000000e+00	
   9.5927351e+01	   0.0000000e+00	
   9.5948748e+01	   0.0000000e+00	
   9.5950789e+01	   0.0000000e+00	
   9.5954193e+01	   0.0000000e+00	
   9.5962994e+01	   1.0000000e+00	
   9.5966155e+01	   0.0000000e+00	
   9.5967972e+01	   0.0000000e+00	
   9.5991684e+01	   0.0000000e+00	
   9.6015781e+01	   0.0000000e+00	
   9.6045819e+01	   0.0000000e+00	
   9.6055974e+01	   0.0000000e+00	
   9.6072766e+01	   1.0000000e+00	
   9.6074815e+01	   0.0000000e+00	
   9.6094160e+01	   0.0000000e+00	
   9.6097650e+01	   0.0000000e+00	
   9.6105492e+01	   0.0000000e+00	
   9.6107062e+01	   0.0000000e+00	
   9.6111986e+01	   0.0000000e+00	
   9.6111989e+01	   0.0000000e+00	
   9.6115006e+01	   0.0000000e+00	
   9.6120041e+01	   0.0000000e+00	
   9.6122604e+01	   0.0000000e+00	
   9.6124432e+01	   0.0000000e+00	
   9.6134634e+01	   1.0000000e+00	
   9.6135838e+01	   1.0000000e+00	
   9.6152921e+01	   0.0000000e+00	
   9.6164300e+01	   0.0000000e+00	
   9.6188599e+01	   0.0000000e+00	
   9.6202479e+01	   1.0000000e+00	
   9.6204621e+01	   0.0000000e+00	
   9.6218541e+01	   0.0000000e+00	
   9.6232445e+01	   0.0000000e+00	
   9.6241564e+01	   0.0000000e+00	
   9.6246211e+01	   0.0000000e+00	
   9.6267699e+01	   0.0000000e+00	
   9.6274986e+01	   0.0000000e+00	
   9.6280685e+01	   0.0000000e+00	
   9.6290792e+01	   0.0000000e+00	
   9.6308887e+01	   1.0000000e+00	
   9.6319477e+01	   0.0000000e+00	
   9.6346205e+01	   1.0000000e+00	
   9.6360616e+01	   0.0000000e+00	
   9.6393809e+01	   1.0000000e+00	
   9.6396743e+01	   1.0000000e+00	
   9.6397182e+01	   0.0000000e+00	
   9.6411342e+01	   0.0000000e+00	
   9.6416942e+01	   0.0000000e+00	
   9.6419728e+01	   1.0000000e+00	
   9.6425542e+01	   0.0000000e+00	
   9.6429538e+01	   0.0000000e+00	
   9.6435513e+01	   0.0000000e+00	
   9.6442012e+01	   0.0000000e+00	
   9.6444364e+01	   0.0000000e+00	
   9.6459093e+01	   0.0000000e+00	
   9.6462189e+01	   0.0000000e+00	
   9.6481152e+01	   0.0000000e+00	
   9.6484226e+01	   0.0000000e+00	
   9.6484508e+01	   0.0000000e+00	
   9.6500322e+01	   0.0000000e+00	
   9.6507721e+01	   1.0000000e+00	
   9.6515188e+01	   0.0000000e+00	
   9.6519136e+01	   1.0000000e+00	
   9.6520504e+01	   0.0000000e+00	
   9.6529560e+01	   1.0000000e+00	
   9.6586779e+01	   0.0000000e+00	
   9.6592558e+01	   0.0000000e+00	
   9.6599610e+01	   0.0000000e+00	
   9.6602070e+01	   0.0000000e+00	
   9.6603760e+01	   0.0000000e+00	
   9.6606979e+01	   0.0000000e+00	
   9.6607468e+01	   0.0000000e+00	
   9.6621327e+01	   0.0000000e+00	
   9.6627830e+01	   0.0000000e+00	
   9.6628805e+01	   1.0000000e+00	
   9.6632551e+01	   1.0000000e+00	
   9.6636143e+01	   1.0000000e+00	
   9.6637747e+01	   0.0000000e+00	
   9.6650365e+01	   0.0000000e+00	
   9.6658988e+01	   1.0000000e+00	
   9.6668944e+01	   0.0000000e+00	
   9.6669630e+01	   1.0000000e+00	
   9.6675362e+01	   0.0000000e+00	
   9.6691924e+01	   0.0000000e+00	
   9.6701955e+01	   0.0000000e+00	
   9.6744562e+01	   0.0000000e+00	
   9.6746751e+01	   0.0000000e+00	
   9.6746937e+01	   0.0000000e+00	
   9.6757192e+01	   0.0000000e+00	
   9.6761678e+01	   0.0000000e+00	
   9.6766342e+01	   1.0000000e+00	
   9.6770423e+01	   0.0000000e+00	
   9.6775365e+01	   0.0000000e+00	
   9.6785040e+01	   0.0000000e+00	
   9.6787736e+01	   0.0000000e+00	
   9.6802748e+01	   0.0000000e+00	
   9.6804128e+01	   0.0000000e+00	
   9.6805209e+01	   0.0000000e+00	
   9.6806868e+01	   0.0000000e+00	
   9.6809729e+01	   0.0000000e+00	
   9.6816458e+01	   0.0000000e+00	
   9.6818976e+01	   0.0000000e+00	
   9.6819566e+01	   0.0000000e+00	
   9.6837509e+01	   1.0000000e+00	
   9.6872295e+01	   0.0000000e+00	
   9.6880067e+01	   0.0000000e+00	
   9.6891151e+01	   0.0000000e+00	
   9.6902461e+01	   1.0000000e+00	
   9.6903310e+01	   0.0000000e+00	
   9.6910631e+01	   1.0000000e+00	
   9.6921783e+01	   0.0000000e+00	
   9.6922858e+01	   1.0000000e+00	
   9.6924350e+01	   0.0000000e+00	
   9.6931471e+01	   0.0000000e+00	
   9.6967343e+01	   1.0000000e+00	
   9.6974188e+01	   0.0000000e+00	
   9.6974953e+01	   0.0000000e+00	
   9.6992493e+01	   1.0000000e+00	
   9.7012075e+01	   0.0000000e+00	
   9.7020075e+01	   0.0000000e+00	
   9.7023692e+01	   0.0000000e+00	
   9.7028705e+01	   1.0000000e+00	
   9.7040267e+01	   0.0000000e+00	
   9.7052418e+01	   0.0000000e+00	
   9.7063484e+01	   0.0000000e+00	
   9.7064518e+01	   0.0000000e+00	
   9.7074856e+01	   1.0000000e+00	
   9.7076412e+01	   0.0000000e+00	
   9.7080354e+01	   0.0000000e+00	
   9.7088835e+01	   0.0000000e+00	
   9.7090819e+01	   0.0000000e+00	
   9.7093477e+01	   0.0000000e+00	
   9.7095665e+01	   0.0000000e+00	
   9.7099692e+01	   0.0000000e+00	
   9.7113359e+01	   1.0000000e+00	
   9.7127037e+01	   0.0000000e+00	
   9.7134112e+01	   0.0000000e+00	
   9.7146822e+01	   0.0000000e+00	
   9.7152995e+01	   0.0000000e+00	
   9.7165162e+01	   0.0000000e+00	
   9.7174593e+01	   1.0000000e+00	
   9.7177799e+01	   0.0000000e+00	
   9.7190185e+01	   1.0000000e+00	
   9.7193603e+01	   0.0000000e+00	
   9.7195767e+01	   0.0000000e+00	
   9.7205627e+01	   1.0000000e+00	
   9.7220831e+01	   0.0000000e+00	
   9.7236873e+01	   0.0000000e+00	
   9.7244764e+01	   0.0000000e+00	
   9.7246686e+01	   0.0000000e+00	
   9.7246963e+01	   1.0000000e+00	
   9.7247129e+01	   0.0000000e+00	
   9.7249740e+01	   1.0000000e+00	
   9.7255295e+01	   0.0000000e+00	
   9.7274170e+01	   1.0000000e+00	
   9.7275194e+01	   0.0000000e+00	
   9.7279398e+01	   0.0000000e+00	
   9.7283530e+01	   0.0000000e+00	
   9.7288683e+01	   1.0000000e+00	
   9.7292026e+01	   0.0000000e+00	
   9.7296916e+01	   0.0000000e+00	
   9.7306283e+01	   1.0000000e+00	
   9.7309309e+01	   0.0000000e+00	
   9.7334088e+01	   1.0000000e+00	
   9.7337342e+01	   0.0000000e+00	
   9.7342205e+01	   1.0000000e+00	
   9.7352115e+01	   1.0000000e+00	
   9.7370726e+01	   0.0000000e+00	
   9.7371538e+01	   1.0000000e+00	
   9.7378331e+01	   0.0000000e+00	
   9.7396690e+01	   1.0000000e+00	
   9.7402193e+01	   1.0000000e+00	
   9.7406521e+01	   1.0000000e+00	
   9.7409873e+01	   0.0000000e+00	
   9.7410589e+01	   0.0000000e+00	
   9.7410794e+01	   1.0000000e+00	
   9.7414921e+01	   0.0000000e+00	
   9.7416718e+01	   1.0000000e+00	
   9.7420162e+01	   1.0000000e+00	
   9.7421083e+01	   0.0000000e+00	
   9.7437327e+01	   0.0000000e+00	
   9.7442804e+01	   0.0000000e+00	
   9.7447251e+01	   1.0000000e+00	
   9.7448478e+01	   0.0000000e+00	
   9.7449946e+01	   0.0000000e+00	
   9.7462778e+01	   1.0000000e+00	
   9.7476605e+01	   0.0000000e+00	
   9.7480214e+01	   1.0000000e+00	
   9.7481587e+01	   0.0000000e+00	
   9.7493607e+01	   0.0000000e+00	
   9.7503246e+01	   0.0000000e+00	
   9.7507244e+01	   1.0000000e+00	
   9.7512795e+01	   0.0000000e+00	
   9.7514475e+01	   0.0000000e+00	
   9.7524539e+01	   0.0000000e+00	
   9.7526453e+01	   0.0000000e+00	
   9.7528104e+01	   0.0000000e+00	
   9.7533605e+01	   0.0000000e+00	
   9.7549742e+01	   1.0000000e+00	
   9.7573674e+01	   0.0000000e+00	
   9.7574883e+01	   0.0000000e+00	
   9.7576592e+01	   0.0000000e+00	
   9.7581100e+01	   0.0000000e+00	
   9.7590718e+01	   1.0000000e+00	
   9.7604191e+01	   1.0000000e+00	
   9.7607094e+01	   0.0000000e+00	
   9.7609212e+01	   0.0000000e+00	
   9.7614117e+01	   0.0000000e+00	
   9.7616235e+01	   0.0000000e+00	
   9.7641029e+01	   0.0000000e+00	
   9.7653924e+01	   1.0000000e+00	
   9.7657916e+01	   0.0000000e+00	
   9.7680580e+01	   0.0000000e+00	
   9.7681872e+01	   0.0000000e+00	
   9.7684130e+01	   0.0000000e+00	
   9.7698848e+01	   0.0000000e+00	
   9.7717460e+01	   0.0000000e+00	
   9.7720022e+01	   1.0000000e+00	
   9.7728532e+01	   0.0000000e+00	
   9.7729615e+01	   1.0000000e+00	
   9.7731234e+01	   0.0000000e+00	
   9.7738383e+01	   1.0000000e+00	
   9.7739994e+01	   1.0000000e+00	
   9.7744141e+01	   1.0000000e+00	
   9.7746986e+01	   0.0000000e+00	
   9.7759113e+01	   0.0000000e+00	
   9.7768143e+01	   0.0000000e+00	
   9.7769143e+01	   0.0000000e+00	
   9.7769261e+01	   0.0000000e+00	
   9.7785604e+01	   1.0000000e+00	
   9.7797815e+01	   0.0000000e+00	
   9.7797901e+01	   0.0000000e+00	
   9.7805551e+01	   0.0000000e+00	
   9.7807597e+01	   0.0000000e+00	
   9.7813102e+01	   1.0000000e+00	
   9.7821551e+01	   0.0000000e+00	
   9.7824706e+01	   0.0000000e+00	
   9.7825180e+01	   1.0000000e+00	
   9.7828391e+01	   0.0000000e+00	
   9.7830861e+01	   1.0000000e+00	
   9.7839522e+01	   0.0000000e+00	
   9.7846352e+01	   0.0000000e+00	
   9.7847398e+01	   0.0000000e+00	
   9.7849683e+01	   0.0000000e+00	
   9.7853912e+01	   1.0000000e+00	
   9.7855493e+01	   1.0000000e+00	
   9.7866908e+01	   1.0000000e+00	
   9.7878523e+01	   0.0000000e+00	
   9.7880945e+01	   0.0000000e+00	
   9.7900607e+01	   0.0000000e+00	
   9.7904706e+01	   0.0000000e+00	
   9.7904922e+01	   0.0000000e+00	
   9.7912799e+01	   0.0000000e+00	
   9.7913594e+01	   0.0000000e+00	
   9.7927531e+01	   0.0000000e+00	
   9.7929569e+01	   1.0000000e+00	
   9.7938648e+01	   0.0000000e+00	
   9.7940713e+01	   1.0000000e+00	
   9.7953406e+01	   1.0000000e+00	
   9.7959558e+01	   1.0000000e+00	
   9.7963899e+01	   0.0000000e+00	
   9.7966669e+01	   1.0000000e+00	
   9.7970571e+01	   1.0000000e+00	
   9.7979949e+01	   0.0000000e+00	
   9.7994851e+01	   0.0000000e+00	
   9.7999806e+01	   0.0000000e+00	
   9.8020884e+01	   1.0000000e+00	
   9.8021879e+01	   1.0000000e+00	
   9.8033614e+01	   0.0000000e+00	
   9.8042457e+01	   0.0000000e+00	
   9.8045484e+01	   0.0000000e+00	
   9.8046969e+01	   0.0000000e+00	
   9.8051844e+01	   0.0000000e+00	
   9.8054021e+01	   1.0000000e+00	
   9.8057948e+01	   0.0000000e+00	
   9.8062884e+01	   0.0000000e+00	
   9.8087860e+01	   0.0000000e+00	
   9.8091114e+01	   1.0000000e+00	
   9.8094684e+01	   0.0000000e+00	
   9.8097468e+01	   0.0000000e+00	
   9.8099388e+01	   1.0000000e+00	
   9.8104046e+01	   0.0000000e+00	
   9.8107755e+01	   0.0000000e+00	
   9.8116421e+01	   0.0000000e+00	
   9.8117036e+01	   1.0000000e+00	
   9.8117622e+01	   1.0000000e+00	
   9.8123246e+01	   0.0000000e+00	
   9.8129270e+01	   1.0000000e+00	
   9.8131918e+01	   0.0000000e+00	
   9.8140878e+01	   1.0000000e+00	
   9.8144515e+01	   0.0000000e+00	
   9.8154083e+01	   0.0000000e+00	
   9.8158874e+01	   0.0000000e+00	
   9.8175342e+01	   0.0000000e+00	
   9.8182696e+01	   0.0000000e+00	
   9.8202320e+01	   0.0000000e+00	
   9.8210303e+01	   0.0000000e+00	
   9.8228715e+01	   1.0000000e+00	
   9.8229804e+01	   0.0000000e+00	
   9.8231777e+01	   0.0000000e+00	
   9.8232145e+01	   1.0000000e+00	
   9.8239009e+01	   0.0000000e+00	
   9.8254009e+01	   1.0000000e+00	
   9.8257544e+01	   0.0000000e+00	
   9.8269330e+01	   1.0000000e+00	
   9.8282168e+01	   1.0000000e+00	
   9.8289770e+01	   1.0000000e+00	
   9.8299299e+01	   0.0000000e+00	
   9.8308725e+01	   0.0000000e+00	
   9.8310145e+01	   1.0000000e+00	
   9.8316597e+01	   0.0000000e+00	
   9.8317245e+01	   1.0000000e+00	
   9.8320864e+01	   0.0000000e+00	
   9.8323527e+01	   1.0000000e+00	
   9.8326365e+01	   0.0000000e+00	
   9.8346966e+01	   1.0000000e+00	
   9.8357455e+01	   1.0000000e+00	
   9.8359427e+01	   1.0000000e+00	
   9.8371578e+01	   1.0000000e+00	
   9.8385286e+01	   0.0000000e+00	
   9.8388231e+01	   0.0000000e+00	
   9.8397254e+01	   0.0000000e+00	
   9.8401807e+01	   1.0000000e+00	
   9.8409640e+01	   1.0000000e+00	
   9.8415377e+01	   0.0000000e+00	
   9.8423320e+01	   0.0000000e+00	
   9.8426946e+01	   1.0000000e+00	
   9.8427242e+01	   0.0000000e+00	
   9.8438071e+01	   0.0000000e+00	
   9.8441559e+01	   0.0000000e+00	
   9.8451247e+01	   0.0000000e+00	
   9.8453713e+01	   0.0000000e+00	
   9.8468788e+01	   0.0000000e+00	
   9.8472381e+01	   0.0000000e+00	
   9.8473026e+01	   0.0000000e+00	
   9.8478856e+01	   0.0000000e+00	
   9.8489316e+01	   0.0000000e+00	
   9.8508672e+01	   1.0000000e+00	
   9.8527716e+01	   1.0000000e+00	
   9.8547122e+01	   0.0000000e+00	
   9.8548343e+01	   0.0000000e+00	
   9.8572031e+01	   0.0000000e+00	
   9.8574090e+01	   0.0000000e+00	
   9.8577959e+01	   0.0000000e+00	
   9.8579345e+01	   0.0000000e+00	
   9.8580463e+01	   1.0000000e+00	
   9.8583994e+01	   1.0000000e+00	
   9.8585032e+01	   1.0000000e+00	
   9.8594702e+01	   0.0000000e+00	
   9.8596305e+01	   0.0000000e+00	
   9.8599453e+01	   0.0000000e+00	
   9.8611394e+01	   1.0000000e+00	
   9.8616327e+01	   1.0000000e+00	
   9.8626524e+01	   1.0000000e+00	
   9.8629071e+01	   1.0000000e+00	
   9.8635161e+01	   0.0000000e+00	
   9.8643499e+01	   0.0000000e+00	
   9.8662777e+01	   0.0000000e+00	
   9.8667736e+01	   0.0000000e+00	
   9.8680092e+01	   0.0000000e+00	
   9.8680282e+01	   0.0000000e+00	
   9.8683039e+01	   0.0000000e+00	
   9.8687254e+01	   0.0000000e+00	
   9.8687380e+01	   1.0000000e+00	
   9.8691613e+01	   0.0000000e+00	
   9.8692879e+01	   0.0000000e+00	
   9.8693898e+01	   0.0000000e+00	
   9.8694502e+01	   1.0000000e+00	
   9.8699815e+01	   0.0000000e+00	
   9.8705691e+01	   0.0000000e+00	
   9.8713428e+01	   1.0000000e+00	
   9.8716071e+01	   1.0000000e+00	
   9.8720572e+01	   0.0000000e+00	
   9.8721403e+01	   1.0000000e+00	
   9.8722547e+01	   0.0000000e+00	
   9.8725012e+01	   0.0000000e+00	
   9.8732606e+01	   1.0000000e+00	
   9.8735053e+01	   0.0000000e+00	
   9.8735144e+01	   0.0000000e+00	
   9.8744626e+01	   1.0000000e+00	
   9.8744705e+01	   1.0000000e+00	
   9.8760284e+01	   0.0000000e+00	
   9.8781624e+01	   1.0000000e+00	
   9.8785967e+01	   0.0000000e+00	
   9.8794115e+01	   0.0000000e+00	
   9.8795048e+01	   0.0000000e+00	
   9.8813662e+01	   0.0000000e+00	
   9.8818870e+01	   0.0000000e+00	
   9.8826625e+01	   1.0000000e+00	
   9.8828021e+01	   1.0000000e+00	
   9.8828219e+01	   1.0000000e+00	
   9.8829429e+01	   0.0000000e+00	
   9.8840913e+01	   0.0000000e+00	
   9.8841824e+01	   0.0000000e+00	
   9.8842255e+01	   1.0000000e+00	
   9.8842693e+01	   0.0000000e+00	
   9.8846906e+01	   0.0000000e+00	
   9.8848912e+01	   0.0000000e+00	
   9.8854634e+01	   0.0000000e+00	
   9.8871787e+01	   1.0000000e+00	
   9.8872382e+01	   0.0000000e+00	
   9.8875839e+01	   0.0000000e+00	
   9.8882615e+01	   0.0000000e+00	
   9.8886757e+01	   1.0000000e+00	
   9.8887631e+01	   0.0000000e+00	
   9.8891346e+01	   0.0000000e+00	
   9.8894568e+01	   0.0000000e+00	
   9.8907433e+01	   1.0000000e+00	
   9.8908672e+01	   1.0000000e+00	
   9.8909943e+01	   0.0000000e+00	
   9.8922796e+01	   1.0000000e+00	
   9.8923400e+01	   1.0000000e+00	
   9.8929473e+01	   1.0000000e+00	
   9.8932325e+01	   1.0000000e+00	
   9.8951724e+01	   1.0000000e+00	
   9.8952227e+01	   1.0000000e+00	
   9.8956778e+01	   1.0000000e+00	
   9.8960178e+01	   1.0000000e+00	
   9.8961948e+01	   0.0000000e+00	
   9.8965565e+01	   1.0000000e+00	
   9.8972628e+01	   1.0000000e+00	
   9.8976494e+01	   1.0000000e+00	
   9.8977806e+01	   0.0000000e+00	
   9.8984665e+01	   0.0000000e+00	
   9.8987797e+01	   0.0000000e+00	
   9.8988877e+01	   1.0000000e+00	
   9.9013421e+01	   1.0000000e+00	
   9.9015124e+01	   1.0000000e+00	
   9.9017031e+01	   1.0000000e+00	
   9.9018786e+01	   0.0000000e+00	
   9.9031762e+01	   1.0000000e+00	
   9.9034777e+01	   0.0000000e+00	
   9.9034874e+01	   0.0000000e+00	
   9.9036278e+01	   0.0000000e+00	
   9.9039216e+01	   1.0000000e+00	
   9.9042548e+01	   1.0000000e+00	
   9.9043502e+01	   1.0000000e+00	
   9.9046736e+01	   1.0000000e+00	
   9.9046806e+01	   0.0000000e+00	
   9.9058935e+01	   0.0000000e+00	
   9.9074289e+01	   0.0000000e+00	
   9.9074299e+01	   0.0000000e+00	
   9.9083835e+01	   0.0000000e+00	
   9.9093135e+01	   1.0000000e+00	
   9.9100944e+01	   1.0000000e+00	
   9.9122427e+01	   1.0000000e+00	
   9.9128341e+01	   0.0000000e+00	
   9.9141635e+01	   1.0000000e+00	
   9.9141840e+01	   1.0000000e+00	
   9.9143169e+01	   0.0000000e+00	
   9.9155265e+01	   1.0000000e+00	
   9.9158215e+01	   1.0000000e+00	
   9.9160669e+01	   1.0000000e+00	
   9.9167287e+01	   1.0000000e+00	
   9.9176157e+01	   0.0000000e+00	
   9.9183313e+01	   0.0000000e+00	
   9.9184657e+01	   1.0000000e+00	
   9.9195945e+01	   0.0000000e+00	
   9.9196700e+01	   0.0000000e+00	
   9.9198018e+01	   0.0000000e+00	
   9.9206240e+01	   0.0000000e+00	
   9.9206993e+01	   0.0000000e+00	
   9.9218878e+01	   1.0000000e+00	
   9.9229974e+01	   1.0000000e+00	
   9.9233890e+01	   1.0000000e+00	
   9.9237663e+01	   1.0000000e+00	
   9.9239206e+01	   0.0000000e+00	
   9.9243518e+01	   1.0000000e+00	
   9.9256445e+01	   1.0000000e+00	
   9.9259378e+01	   0.0000000e+00	
   9.9260880e+01	   1.0000000e+00	
   9.9265228e+01	   0.0000000e+00	
   9.9265451e+01	   1.0000000e+00	
   9.9275795e+01	   0.0000000e+00	
   9.9277397e+01	   1.0000000e+00	
   9.9277427e+01	   1.0000000e+00	
   9.9284086e+01	   1.0000000e+00	
   9.9287980e+01	   0.0000000e+00	
   9.9290286e+01	   1.0000000e+00	
   9.9296981e+01	   0.0000000e+00	
   9.9299139e+01	   0.0000000e+00	
   9.9303270e+01	   0.0000000e+00	
   9.9303853e+01	   1.0000000e+00	
   9.9314107e+01	   0.0000000e+00	
   9.9325127e+01	   1.0000000e+00	
   9.9327641e+01	   0.0000000e+00	
   9.9327750e+01	   0.0000000e+00	
   9.9333639e+01	   1.0000000e+00	
   9.9354312e+01	   0.0000000e+00	
   9.9356627e+01	   1.0000000e+00	
   9.9357716e+01	   0.0000000e+00	
   9.9376167e+01	   0.0000000e+00	
   9.9384071e+01	   0.0000000e+00	
   9.9386173e+01	   1.0000000e+00	
   9.9387130e+01	   1.0000000e+00	
   9.9387268e+01	   0.0000000e+00	
   9.9387468e+01	   0.0000000e+00	
   9.9393572e+01	   1.0000000e+00	
   9.9401394e+01	   0.0000000e+00	
   9.9404431e+01	   1.0000000e+00	
   9.9415630e+01	   0.0000000e+00	
   9.9424043e+01	   0.0000000e+00	
   9.9437750e+01	   0.0000000e+00	
   9.9441320e+01	   1.0000000e+00	
   9.9446628e+01	   0.0000000e+00	
   9.9452288e+01	   1.0000000e+00	
   9.9458889e+01	   1.0000000e+00	
   9.9470224e+01	   1.0000000e+00	
   9.9471224e+01	   0.0000000e+00	
   9.9479769e+01	   1.0000000e+00	
   9.9482933e+01	   0.0000000e+00	
   9.9487062e+01	   0.0000000e+00	
   9.9492260e+01	   0.0000000e+00	
   9.9498278e+01	   0.0000000e+00	
   9.9505344e+01	   0.0000000e+00	
   9.9512390e+01	   0.0000000e+00	
   9.9519159e+01	   0.0000000e+00	
   9.9534847e+01	   0.0000000e+00	
   9.9540835e+01	   0.0000000e+00	
   9.9558417e+01	   0.0000000e+00	
   9.9560403e+01	   0.0000000e+00	
   9.9562229e+01	   1.0000000e+00	
   9.9562776e+01	   1.0000000e+00	
   9.9566997e+01	   1.0000000e+00	
   9.9572451e+01	   0.0000000e+00	
   9.9573142e+01	   0.0000000e+00	
   9.9575888e+01	   1.0000000e+00	
   9.9581000e+01	   1.0000000e+00	
   9.9592056e+01	   0.0000000e+00	
   9.9598624e+01	   0.0000000e+00	
   9.9601831e+01	   1.0000000e+00	
   9.9608359e+01	   1.0000000e+00	
   9.9609354e+01	   0.0000000e+00	
   9.9612417e+01	   0.0000000e+00	
   9.9629434e+01	   1.0000000e+00	
   9.9634476e+01	   1.0000000e+00	
   9.9653085e+01	   1.0000000e+00	
   9.9687405e+01	   1.0000000e+00	
   9.9689893e+01	   0.0000000e+00	
   9.9702433e+01	   0.0000000e+00	
   9.9703901e+01	   1.0000000e+00	
   9.9706425e+01	   0.0000000e+00	
   9.9710591e+01	   1.0000000e+00	
   9.9712512e+01	   1.0000000e+00	
   9.9718295e+01	   0.0000000e+00	
   9.9734821e+01	   0.0000000e+00	
   9.9734955e+01	   1.0000000e+00	
   9.9746062e+01	   1.0000000e+00	
   9.9750187e+01	   1.0000000e+00	
   9.9764628e+01	   1.0000000e+00	
   9.9772400e+01	   1.0000000e+00	
   9.9777517e+01	   0.0000000e+00	
   9.9785174e+01	   1.0000000e+00	
   9.9793153e+01	   1.0000000e+00	
   9.9794514e+01	   1.0000000e+00	
   9.9805041e+01	   0.0000000e+00	
   9.9807403e+01	   1.0000000e+00	
   9.9809080e+01	   0.0000000e+00	
   9.9814551e+01	   1.0000000e+00	
   9.9821717e+01	   0.0000000e+00	
   9.9823951e+01	   0.0000000e+00	
   9.9828635e+01	   0.0000000e+00	
   9.9831137e+01	   0.0000000e+00	
   9.9831892e+01	   0.0000000e+00	
   9.9842577e+01	   0.0000000e+00	
   9.9842776e+01	   1.0000000e+00	
   9.9846511e+01	   0.0000000e+00	
   9.9847463e+01	   0.0000000e+00	
   9.9857431e+01	   1.0000000e+00	
   9.9858057e+01	   0.0000000e+00	
   9.9860291e+01	   1.0000000e+00	
   9.9861701e+01	   1.0000000e+00	
   9.9862265e+01	   0.0000000e+00	
   9.9865165e+01	   1.0000000e+00	
   9.9871224e+01	   1.0000000e+00	
   9.9886673e+01	   0.0000000e+00	
   9.9886741e+01	   1.0000000e+00	
   9.9891470e+01	   1.0000000e+00	
   9.9895175e+01	   1.0000000e+00	
   9.9907538e+01	   0.0000000e+00	
   9.9920745e+01	   0.0000000e+00	
   9.9921579e+01	   0.0000000e+00	
   9.9922258e+01	   0.0000000e+00	
   9.9928343e+01	   1.0000000e+00	
   9.9938349e+01	   1.0000000e+00	
   9.9941354e+01	   0.0000000e+00	
   9.9941520e+01	   0.0000000e+00	
   9.9942529e+01	   0.0000000e+00	
   9.9944184e+01	   0.0000000e+00	
   9.9960191e+01	   0.0000000e+00	
   9.9961811e+01	   0.0000000e+00	
   9.9968641e+01	   1.0000000e+00	
   9.9971821e+01	   1.0000000e+00	
   9.9973727e+01	   0.0000000e+00	
   9.9979505e+01	   0.0000000e+00	
   9.9981019e+01	   1.0000000e+00	
   9.9981550e+01	   1.0000000e+00	
   9.9981594e+01	   0.0000000e+00	
   9.9987625e+01	   1.0000000e+00	
   9.9991591e+01	   0.0000000e+00	
   1.0001067e+02	   0.0000000e+00	
   1.0001106e+02	   1.0000000e+00	
   1.0001112e+02	   1.0000000e+00	
   1.0001925e+02	   0.0000000e+00	
   1.0002309e+02	   0.0000000e+00	
   1.0002418e+02	   1.0000000e+00	
   1.0002698e+02	   1.0000000e+00	
   1.0003402e+02	   1.0000000e+00	
   1.0003948e+02	   1.0000000e+00	
   1.0003974e+02	   1.0000000e+00	
   1.0004211e+02	   0.0000000e+00	
   1.0004870e+02	   0.0000000e+00	
   1.0005119e+02	   1.0000000e+00	
   1.0005183e+02	   1.0000000e+00	
   1.0006446e+02	   1.0000000e+00	
   1.0006492e+02	   0.0000000e+00	
   1.0007131e+02	   1.0000000e+00	
   1.0007424e+02	   1.0000000e+00	
   1.0007702e+02	   1.0000000e+00	
   1.0007881e+02	   1.0000000e+00	
   1.0008641e+02	   0.0000000e+00	
   1.0010861e+02	   1.0000000e+00	
   1.0011600e+02	   0.0000000e+00	
   1.0012087e+02	   0.0000000e+00	
   1.0012630e+02	   1.0000000e+00	
   1.0013533e+02	   1.0000000e+00	
   1.0015311e+02	   1.0000000e+00	
   1.0015761e+02	   1.0000000e+00	
   1.0016724e+02	   1.0000000e+00	
   1.0017482e+02	   0.0000000e+00	
   1.0018082e+02	   1.0000000e+00	
   1.0018359e+02	   1.0000000e+00	
   1.0018717e+02	   1.0000000e+00	
   1.0018828e+02	   1.0000000e+00	
   1.0019225e+02	   1.0000000e+00	
   1.0019554e+02	   1.0000000e+00	
   1.0021010e+02	   0.0000000e+00	
   1.0021458e+02	   1.0000000e+00	
   1.0021459e+02	   0.0000000e+00	
   1.0021494e+02	   1.0000000e+00	
   1.0022052e+02	   1.0000000e+00	
   1.0022180e+02	   1.0000000e+00	
   1.0022467e+02	   0.0000000e+00	
   1.0022645e+02	   1.0000000e+00	
   1.0023777e+02	   0.0000000e+00	
   1.0024413e+02	   0.0000000e+00	
   1.0024712e+02	   0.0000000e+00	
   1.0025085e+02	   1.0000000e+00	
   1.0026934e+02	   0.0000000e+00	
   1.0027485e+02	   1.0000000e+00	
   1.0027529e+02	   0.0000000e+00	
   1.0028082e+02	   0.0000000e+00	
   1.0028295e+02	   1.0000000e+00	
   1.0029267e+02	   1.0000000e+00	
   1.0029857e+02	   0.0000000e+00	
   1.0029938e+02	   0.0000000e+00	
   1.0029940e+02	   1.0000000e+00	
   1.0030293e+02	   1.0000000e+00	
   1.0030453e+02	   0.0000000e+00	
   1.0030526e+02	   1.0000000e+00	
   1.0031001e+02	   0.0000000e+00	
   1.0031745e+02	   1.0000000e+00	
   1.0032026e+02	   1.0000000e+00	
   1.0032042e+02	   0.0000000e+00	
   1.0032614e+02	   1.0000000e+00	
   1.0032808e+02	   0.0000000e+00	
   1.0033838e+02	   0.0000000e+00	
   1.0033944e+02	   0.0000000e+00	
   1.0034259e+02	   1.0000000e+00	
   1.0034450e+02	   0.0000000e+00	
   1.0034450e+02	   1.0000000e+00	
   1.0034954e+02	   0.0000000e+00	
   1.0036137e+02	   1.0000000e+00	
   1.0036675e+02	   1.0000000e+00	
   1.0039724e+02	   1.0000000e+00	
   1.0041183e+02	   0.0000000e+00	
   1.0041240e+02	   1.0000000e+00	
   1.0042051e+02	   1.0000000e+00	
   1.0042115e+02	   1.0000000e+00	
   1.0042794e+02	   1.0000000e+00	
   1.0042823e+02	   0.0000000e+00	
   1.0043710e+02	   0.0000000e+00	
   1.0044028e+02	   1.0000000e+00	
   1.0044293e+02	   1.0000000e+00	
   1.0044338e+02	   1.0000000e+00	
   1.0044754e+02	   1.0000000e+00	
   1.0045412e+02	   1.0000000e+00	
   1.0045868e+02	   1.0000000e+00	
   1.0046900e+02	   1.0000000e+00	
   1.0047019e+02	   1.0000000e+00	
   1.0047377e+02	   0.0000000e+00	
   1.0048675e+02	   1.0000000e+00	
   1.0049152e+02	   1.0000000e+00	
   1.0049466e+02	   0.0000000e+00	
   1.0049479e+02	   0.0000000e+00	
   1.0050079e+02	   1.0000000e+00	
   1.0050127e+02	   1.0000000e+00	
   1.0050533e+02	   1.0000000e+00	
   1.0050715e+02	   1.0000000e+00	
   1.0052074e+02	   1.0000000e+00	
   1.0052153e+02	   1.0000000e+00	
   1.0052338e+02	   1.0000000e+00	
   1.0052345e+02	   0.0000000e+00	
   1.0052619e+02	   1.0000000e+00	
   1.0053015e+02	   0.0000000e+00	
   1.0053072e+02	   1.0000000e+00	
   1.0053257e+02	   1.0000000e+00	
   1.0053660e+02	   1.0000000e+00	
   1.0054418e+02	   0.0000000e+00	
   1.0055189e+02	   0.0000000e+00	
   1.0055340e+02	   0.0000000e+00	
   1.0057207e+02	   1.0000000e+00	
   1.0058368e+02	   1.0000000e+00	
   1.0059315e+02	   1.0000000e+00	
   1.0059414e+02	   1.0000000e+00	
   1.0059520e+02	   0.0000000e+00	
   1.0059730e+02	   1.0000000e+00	
   1.0059775e+02	   0.0000000e+00	
   1.0059990e+02	   1.0000000e+00	
   1.0060065e+02	   0.0000000e+00	
   1.0060083e+02	   0.0000000e+00	
   1.0061343e+02	   1.0000000e+00	
   1.0061544e+02	   0.0000000e+00	
   1.0062772e+02	   1.0000000e+00	
   1.0062850e+02	   1.0000000e+00	
   1.0063987e+02	   1.0000000e+00	
   1.0064390e+02	   1.0000000e+00	
   1.0065035e+02	   1.0000000e+00	
   1.0065815e+02	   1.0000000e+00	
   1.0066267e+02	   1.0000000e+00	
   1.0066885e+02	   0.0000000e+00	
   1.0067097e+02	   0.0000000e+00	
   1.0067389e+02	   1.0000000e+00	
   1.0067675e+02	   1.0000000e+00	
   1.0068618e+02	   0.0000000e+00	
   1.0068821e+02	   1.0000000e+00	
   1.0069034e+02	   0.0000000e+00	
   1.0069146e+02	   1.0000000e+00	
   1.0069279e+02	   0.0000000e+00	
   1.0069491e+02	   0.0000000e+00	
   1.0069841e+02	   1.0000000e+00	
   1.0070008e+02	   1.0000000e+00	
   1.0070110e+02	   0.0000000e+00	
   1.0072212e+02	   0.0000000e+00	
   1.0073028e+02	   1.0000000e+00	
   1.0073052e+02	   1.0000000e+00	
   1.0073158e+02	   1.0000000e+00	
   1.0073494e+02	   0.0000000e+00	
   1.0074465e+02	   1.0000000e+00	
   1.0074673e+02	   0.0000000e+00	
   1.0074783e+02	   0.0000000e+00	
   1.0075532e+02	   1.0000000e+00	
   1.0076366e+02	   1.0000000e+00	
   1.0076681e+02	   1.0000000e+00	
   1.0077060e+02	   1.0000000e+00	
   1.0077334e+02	   1.0000000e+00	
   1.0077560e+02	   0.0000000e+00	
   1.0078171e+02	   0.0000000e+00	
   1.0078223e+02	   1.0000000e+00	
   1.0078271e+02	   1.0000000e+00	
   1.0078605e+02	   1.0000000e+00	
   1.0078936e+02	   1.0000000e+00	
   1.0080461e+02	   0.0000000e+00	
   1.0080511e+02	   0.0000000e+00	
   1.0080677e+02	   1.0000000e+00	
   1.0080848e+02	   1.0000000e+00	
   1.0081173e+02	   1.0000000e+00	
   1.0081724e+02	   1.0000000e+00	
   1.0081726e+02	   1.0000000e+00	
   1.0082423e+02	   1.0000000e+00	
   1.0082624e+02	   0.0000000e+00	
   1.0083894e+02	   1.0000000e+00	
   1.0083957e+02	   1.0000000e+00	
   1.0084336e+02	   0.0000000e+00	
   1.0084367e+02	   0.0000000e+00	
   1.0084705e+02	   1.0000000e+00	
   1.0085160e+02	   1.0000000e+00	
   1.0085717e+02	   0.0000000e+00	
   1.0086430e+02	   0.0000000e+00	
   1.0086631e+02	   1.0000000e+00	
   1.0086947e+02	   1.0000000e+00	
   1.0087166e+02	   1.0000000e+00	
   1.0087333e+02	   0.0000000e+00	
   1.0087859e+02	   1.0000000e+00	
   1.0087930e+02	   0.0000000e+00	
   1.0087997e+02	   1.0000000e+00	
   1.0088374e+02	   0.0000000e+00	
   1.0088393e+02	   1.0000000e+00	
   1.0088577e+02	   1.0000000e+00	
   1.0089262e+02	   1.0000000e+00	
   1.0089422e+02	   1.0000000e+00	
   1.0089737e+02	   0.0000000e+00	
   1.0090070e+02	   0.0000000e+00	
   1.0090304e+02	   1.0000000e+00	
   1.0091939e+02	   1.0000000e+00	
   1.0092701e+02	   1.0000000e+00	
   1.0093416e+02	   0.0000000e+00	
   1.0093481e+02	   1.0000000e+00	
   1.0093589e+02	   1.0000000e+00	
   1.0093618e+02	   0.0000000e+00	
   1.0094071e+02	   1.0000000e+00	
   1.0094162e+02	   0.0000000e+00	
   1.0094600e+02	   1.0000000e+00	
   1.0094996e+02	   1.0000000e+00	
   1.0095489e+02	   1.0000000e+00	
   1.0096048e+02	   1.0000000e+00	
   1.0096478e+02	   1.0000000e+00	
   1.0096744e+02	   1.0000000e+00	
   1.0096849e+02	   1.0000000e+00	
   1.0096903e+02	   1.0000000e+00	
   1.0097263e+02	   1.0000000e+00	
   1.0097752e+02	   0.0000000e+00	
   1.0097954e+02	   1.0000000e+00	
   1.0098584e+02	   0.0000000e+00	
   1.0098589e+02	   0.0000000e+00	
   1.0098953e+02	   0.0000000e+00	
   1.0099590e+02	   1.0000000e+00	
   1.0100087e+02	   1.0000000e+00	
   1.0100556e+02	   0.0000000e+00	
   1.0100594e+02	   1.0000000e+00	
   1.0101064e+02	   0.0000000e+00	
   1.0101761e+02	   0.0000000e+00	
   1.0101879e+02	   1.0000000e+00	
   1.0102126e+02	   0.0000000e+00	
   1.0102255e+02	   0.0000000e+00	
   1.0102607e+02	   1.0000000e+00	
   1.0102831e+02	   1.0000000e+00	
   1.0104012e+02	   1.0000000e+00	
   1.0104330e+02	   0.0000000e+00	
   1.0104561e+02	   1.0000000e+00	
   1.0104837e+02	   0.0000000e+00	
   1.0105751e+02	   1.0000000e+00	
   1.0106246e+02	   1.0000000e+00	
   1.0106761e+02	   1.0000000e+00	
   1.0107059e+02	   1.0000000e+00	
   1.0107120e+02	   1.0000000e+00	
   1.0107220e+02	   1.0000000e+00	
   1.0107232e+02	   0.0000000e+00	
   1.0107601e+02	   1.0000000e+00	
   1.0107609e+02	   1.0000000e+00	
   1.0107978e+02	   1.0000000e+00	
   1.0108380e+02	   0.0000000e+00	
   1.0108445e+02	   1.0000000e+00	
   1.0110009e+02	   1.0000000e+00	
   1.0110582e+02	   0.0000000e+00	
   1.0110887e+02	   1.0000000e+00	
   1.0111324e+02	   1.0000000e+00	
   1.0112266e+02	   1.0000000e+00	
   1.0112596e+02	   1.0000000e+00	
   1.0113471e+02	   1.0000000e+00	
   1.0113580e+02	   1.0000000e+00	
   1.0113803e+02	   1.0000000e+00	
   1.0114825e+02	   1.0000000e+00	
   1.0115026e+02	   1.0000000e+00	
   1.0115263e+02	   1.0000000e+00	
   1.0115310e+02	   1.0000000e+00	
   1.0116807e+02	   0.0000000e+00	
   1.0117109e+02	   1.0000000e+00	
   1.0117603e+02	   1.0000000e+00	
   1.0118469e+02	   1.0000000e+00	
   1.0120027e+02	   0.0000000e+00	
   1.0120111e+02	   0.0000000e+00	
   1.0120770e+02	   0.0000000e+00	
   1.0121923e+02	   1.0000000e+00	
   1.0122031e+02	   0.0000000e+00	
   1.0122336e+02	   0.0000000e+00	
   1.0122816e+02	   1.0000000e+00	
   1.0123189e+02	   1.0000000e+00	
   1.0123335e+02	   1.0000000e+00	
   1.0123375e+02	   1.0000000e+00	
   1.0124502e+02	   1.0000000e+00	
   1.0124610e+02	   1.0000000e+00	
   1.0124697e+02	   1.0000000e+00	
   1.0125043e+02	   1.0000000e+00	
   1.0125868e+02	   1.0000000e+00	
   1.0126227e+02	   1.0000000e+00	
   1.0126478e+02	   1.0000000e+00	
   1.0127132e+02	   1.0000000e+00	
   1.0127611e+02	   1.0000000e+00	
   1.0127615e+02	   1.0000000e+00	
   1.0128208e+02	   0.0000000e+00	
   1.0128238e+02	   0.0000000e+00	
   1.0128604e+02	   1.0000000e+00	
   1.0128795e+02	   1.0000000e+00	
   1.0129601e+02	   1.0000000e+00	
   1.0129770e+02	   1.0000000e+00	
   1.0129873e+02	   0.0000000e+00	
   1.0129959e+02	   1.0000000e+00	
   1.0131129e+02	   1.0000000e+00	
   1.0131183e+02	   1.0000000e+00	
   1.0131303e+02	   0.0000000e+00	
   1.0131836e+02	   1.0000000e+00	
   1.0131842e+02	   1.0000000e+00	
   1.0132827e+02	   1.0000000e+00	
   1.0133114e+02	   1.0000000e+00	
   1.0133695e+02	   1.0000000e+00	
   1.0133848e+02	   0.0000000e+00	
   1.0134004e+02	   1.0000000e+00	
   1.0134092e+02	   1.0000000e+00	
   1.0134220e+02	   0.0000000e+00	
   1.0134302e+02	   1.0000000e+00	
   1.0134766e+02	   1.0000000e+00	
   1.0136044e+02	   1.0000000e+00	
   1.0136088e+02	   1.0000000e+00	
   1.0136256e+02	   1.0000000e+00	
   1.0137012e+02	   1.0000000e+00	
   1.0137656e+02	   1.0000000e+00	
   1.0137830e+02	   0.0000000e+00	
   1.0139156e+02	   1.0000000e+00	
   1.0139668e+02	   0.0000000e+00	
   1.0140167e+02	   0.0000000e+00	
   1.0140645e+02	   1.0000000e+00	
   1.0141284e+02	   0.0000000e+00	
   1.0141365e+02	   0.0000000e+00	
   1.0142823e+02	   1.0000000e+00	
   1.0142933e+02	   1.0000000e+00	
   1.0142990e+02	   0.0000000e+00	
   1.0143181e+02	   0.0000000e+00	
   1.0143575e+02	   0.0000000e+00	
   1.0143595e+02	   0.0000000e+00	
   1.0143843e+02	   1.0000000e+00	
   1.0144363e+02	   0.0000000e+00	
   1.0145207e+02	   1.0000000e+00	
   1.0145727e+02	   1.0000000e+00	
   1.0145882e+02	   1.0000000e+00	
   1.0146209e+02	   0.0000000e+00	
   1.0146307e+02	   1.0000000e+00	
   1.0146318e+02	   1.0000000e+00	
   1.0146506e+02	   1.0000000e+00	
   1.0146573e+02	   1.0000000e+00	
   1.0146868e+02	   1.0000000e+00	
   1.0147148e+02	   1.0000000e+00	
   1.0147272e+02	   1.0000000e+00	
   1.0147348e+02	   1.0000000e+00	
   1.0147865e+02	   1.0000000e+00	
   1.0148016e+02	   1.0000000e+00	
   1.0148098e+02	   0.0000000e+00	
   1.0148366e+02	   1.0000000e+00	
   1.0148536e+02	   1.0000000e+00	
   1.0149314e+02	   0.0000000e+00	
   1.0149340e+02	   1.0000000e+00	
   1.0149650e+02	   1.0000000e+00	
   1.0149875e+02	   0.0000000e+00	
   1.0150107e+02	   1.0000000e+00	
   1.0151111e+02	   1.0000000e+00	
   1.0151577e+02	   0.0000000e+00	
   1.0152375e+02	   1.0000000e+00	
   1.0152856e+02	   1.0000000e+00	
   1.0153122e+02	   1.0000000e+00	
   1.0153324e+02	   0.0000000e+00	
   1.0153667e+02	   1.0000000e+00	
   1.0153754e+02	   1.0000000e+00	
   1.0153998e+02	   1.0000000e+00	
   1.0154217e+02	   1.0000000e+00	
   1.0154271e+02	   1.0000000e+00	
   1.0154427e+02	   0.0000000e+00	
   1.0154611e+02	   1.0000000e+00	
   1.0155186e+02	   1.0000000e+00	
   1.0155922e+02	   0.0000000e+00	
   1.0155964e+02	   1.0000000e+00	
   1.0156002e+02	   1.0000000e+00	
   1.0156030e+02	   1.0000000e+00	
   1.0156228e+02	   0.0000000e+00	
   1.0156711e+02	   1.0000000e+00	
   1.0157548e+02	   1.0000000e+00	
   1.0157917e+02	   1.0000000e+00	
   1.0158256e+02	   0.0000000e+00	
   1.0158332e+02	   0.0000000e+00	
   1.0159199e+02	   1.0000000e+00	
   1.0159352e+02	   0.0000000e+00	
   1.0160373e+02	   1.0000000e+00	
   1.0160429e+02	   1.0000000e+00	
   1.0160810e+02	   1.0000000e+00	
   1.0160826e+02	   0.0000000e+00	
   1.0161102e+02	   1.0000000e+00	
   1.0161149e+02	   1.0000000e+00	
   1.0161554e+02	   1.0000000e+00	
   1.0161907e+02	   1.0000000e+00	
   1.0162015e+02	   1.0000000e+00	
   1.0162227e+02	   0.0000000e+00	
   1.0162229e+02	   1.0000000e+00	
   1.0162332e+02	   1.0000000e+00	
   1.0163167e+02	   0.0000000e+00	
   1.0163267e+02	   1.0000000e+00	
   1.0163339e+02	   1.0000000e+00	
   1.0163473e+02	   0.0000000e+00	
   1.0163626e+02	   0.0000000e+00	
   1.0164049e+02	   1.0000000e+00	
   1.0164063e+02	   1.0000000e+00	
   1.0164422e+02	   1.0000000e+00	
   1.0165593e+02	   1.0000000e+00	
   1.0165796e+02	   1.0000000e+00	
   1.0165903e+02	   1.0000000e+00	
   1.0166085e+02	   1.0000000e+00	
   1.0166484e+02	   1.0000000e+00	
   1.0167005e+02	   1.0000000e+00	
   1.0167207e+02	   1.0000000e+00	
   1.0167908e+02	   1.0000000e+00	
   1.0167991e+02	   1.0000000e+00	
   1.0168305e+02	   0.0000000e+00	
   1.0168574e+02	   1.0000000e+00	
   1.0168904e+02	   1.0000000e+00	
   1.0169442e+02	   1.0000000e+00	
   1.0169709e+02	   1.0000000e+00	
   1.0170180e+02	   1.0000000e+00	
   1.0170488e+02	   1.0000000e+00	
   1.0170723e+02	   0.0000000e+00	
   1.0170784e+02	   1.0000000e+00	
   1.0171047e+02	   1.0000000e+00	
   1.0171117e+02	   0.0000000e+00	
   1.0171145e+02	   1.0000000e+00	
   1.0171422e+02	   0.0000000e+00	
   1.0171798e+02	   1.0000000e+00	
   1.0172426e+02	   0.0000000e+00	
   1.0172671e+02	   1.0000000e+00	
   1.0172778e+02	   1.0000000e+00	
   1.0172940e+02	   1.0000000e+00	
   1.0172994e+02	   1.0000000e+00	
   1.0173539e+02	   1.0000000e+00	
   1.0174115e+02	   0.0000000e+00	
   1.0174266e+02	   1.0000000e+00	
   1.0175368e+02	   1.0000000e+00	
   1.0175933e+02	   1.0000000e+00	
   1.0176420e+02	   1.0000000e+00	
   1.0177375e+02	   1.0000000e+00	
   1.0177879e+02	   1.0000000e+00	
   1.0178270e+02	   1.0000000e+00	
   1.0178577e+02	   1.0000000e+00	
   1.0178827e+02	   0.0000000e+00	
   1.0179308e+02	   0.0000000e+00	
   1.0179474e+02	   0.0000000e+00	
   1.0179522e+02	   1.0000000e+00	
   1.0179698e+02	   1.0000000e+00	
   1.0180143e+02	   1.0000000e+00	
   1.0180150e+02	   1.0000000e+00	
   1.0180225e+02	   1.0000000e+00	
   1.0180283e+02	   0.0000000e+00	
   1.0180340e+02	   1.0000000e+00	
   1.0180548e+02	   1.0000000e+00	
   1.0181170e+02	   1.0000000e+00	
   1.0181769e+02	   1.0000000e+00	
   1.0182051e+02	   0.0000000e+00	
   1.0182068e+02	   1.0000000e+00	
   1.0182259e+02	   1.0000000e+00	
   1.0182898e+02	   1.0000000e+00	
   1.0183125e+02	   1.0000000e+00	
   1.0183184e+02	   1.0000000e+00	
   1.0183907e+02	   1.0000000e+00	
   1.0183926e+02	   1.0000000e+00	
   1.0185067e+02	   1.0000000e+00	
   1.0185447e+02	   0.0000000e+00	
   1.0185554e+02	   1.0000000e+00	
   1.0186447e+02	   1.0000000e+00	
   1.0187146e+02	   1.0000000e+00	
   1.0187390e+02	   0.0000000e+00	
   1.0188245e+02	   1.0000000e+00	
   1.0188496e+02	   0.0000000e+00	
   1.0189236e+02	   1.0000000e+00	
   1.0189701e+02	   1.0000000e+00	
   1.0190060e+02	   1.0000000e+00	
   1.0190783e+02	   1.0000000e+00	
   1.0190825e+02	   1.0000000e+00	
   1.0190917e+02	   1.0000000e+00	
   1.0191599e+02	   1.0000000e+00	
   1.0192104e+02	   0.0000000e+00	
   1.0192407e+02	   1.0000000e+00	
   1.0192536e+02	   0.0000000e+00	
   1.0192766e+02	   0.0000000e+00	
   1.0193894e+02	   1.0000000e+00	
   1.0194037e+02	   1.0000000e+00	
   1.0194335e+02	   1.0000000e+00	
   1.0194352e+02	   0.0000000e+00	
   1.0195708e+02	   0.0000000e+00	
   1.0195873e+02	   1.0000000e+00	
   1.0196012e+02	   1.0000000e+00	
   1.0196962e+02	   1.0000000e+00	
   1.0196985e+02	   1.0000000e+00	
   1.0197196e+02	   1.0000000e+00	
   1.0197432e+02	   1.0000000e+00	
   1.0197557e+02	   1.0000000e+00	
   1.0197808e+02	   1.0000000e+00	
   1.0198040e+02	   1.0000000e+00	
   1.0198708e+02	   1.0000000e+00	
   1.0198893e+02	   1.0000000e+00	
   1.0199674e+02	   1.0000000e+00	
   1.0199970e+02	   1.0000000e+00	
   1.0200763e+02	   1.0000000e+00	
   1.0201224e+02	   0.0000000e+00	
   1.0201472e+02	   0.0000000e+00	
   1.0202211e+02	   1.0000000e+00	
   1.0202309e+02	   0.0000000e+00	
   1.0202991e+02	   0.0000000e+00	
   1.0203468e+02	   1.0000000e+00	
   1.0204105e+02	   0.0000000e+00	
   1.0204181e+02	   1.0000000e+00	
   1.0204458e+02	   1.0000000e+00	
   1.0204609e+02	   0.0000000e+00	
   1.0205782e+02	   1.0000000e+00	
   1.0206787e+02	   1.0000000e+00	
   1.0206957e+02	   0.0000000e+00	
   1.0207324e+02	   0.0000000e+00	
   1.0207503e+02	   0.0000000e+00	
   1.0208054e+02	   1.0000000e+00	
   1.0208782e+02	   1.0000000e+00	
   1.0208795e+02	   0.0000000e+00	
   1.0208888e+02	   1.0000000e+00	
   1.0209245e+02	   0.0000000e+00	
   1.0209746e+02	   0.0000000e+00	
   1.0209830e+02	   1.0000000e+00	
   1.0210021e+02	   0.0000000e+00	
   1.0210099e+02	   1.0000000e+00	
   1.0210722e+02	   1.0000000e+00	
   1.0211587e+02	   1.0000000e+00	
   1.0212295e+02	   1.0000000e+00	
   1.0212679e+02	   0.0000000e+00	
   1.0212833e+02	   1.0000000e+00	
   1.0213792e+02	   1.0000000e+00	
   1.0213879e+02	   1.0000000e+00	
   1.0213996e+02	   1.0000000e+00	
   1.0214730e+02	   1.0000000e+00	
   1.0214848e+02	   1.0000000e+00	
   1.0214854e+02	   1.0000000e+00	
   1.0215507e+02	   1.0000000e+00	
   1.0215622e+02	   0.0000000e+00	
   1.0215838e+02	   1.0000000e+00	
   1.0216318e+02	   1.0000000e+00	
   1.0216659e+02	   1.0000000e+00	
   1.0216931e+02	   1.0000000e+00	
   1.0217117e+02	   1.0000000e+00	
   1.0217732e+02	   1.0000000e+00	
   1.0217954e+02	   1.0000000e+00	
   1.0218006e+02	   1.0000000e+00	
   1.0218399e+02	   0.0000000e+00	
   1.0218860e+02	   1.0000000e+00	
   1.0219703e+02	   1.0000000e+00	
   1.0219712e+02	   1.0000000e+00	
   1.0219779e+02	   1.0000000e+00	
   1.0219841e+02	   1.0000000e+00	
   1.0219926e+02	   1.0000000e+00	
   1.0220519e+02	   0.0000000e+00	
   1.0221156e+02	   0.0000000e+00	
   1.0221752e+02	   1.0000000e+00	
   1.0222281e+02	   0.0000000e+00	
   1.0223232e+02	   1.0000000e+00	
   1.0223281e+02	   1.0000000e+00	
   1.0223343e+02	   1.0000000e+00	
   1.0223469e+02	   1.0000000e+00	
   1.0223710e+02	   1.0000000e+00	
   1.0224389e+02	   1.0000000e+00	
   1.0224576e+02	   0.0000000e+00	
   1.0225587e+02	   1.0000000e+00	
   1.0226789e+02	   1.0000000e+00	
   1.0226967e+02	   1.0000000e+00	
   1.0227003e+02	   1.0000000e+00	
   1.0227029e+02	   1.0000000e+00	
   1.0227212e+02	   1.0000000e+00	
   1.0227804e+02	   1.0000000e+00	
   1.0228784e+02	   0.0000000e+00	
   1.0229120e+02	   1.0000000e+00	
   1.0229870e+02	   1.0000000e+00	
   1.0230091e+02	   1.0000000e+00	
   1.0230154e+02	   1.0000000e+00	
   1.0230317e+02	   1.0000000e+00	
   1.0230486e+02	   1.0000000e+00	
   1.0231925e+02	   1.0000000e+00	
   1.0232111e+02	   1.0000000e+00	
   1.0232413e+02	   1.0000000e+00	
   1.0232563e+02	   1.0000000e+00	
   1.0233243e+02	   1.0000000e+00	
   1.0233256e+02	   1.0000000e+00	
   1.0233466e+02	   1.0000000e+00	
   1.0234637e+02	   1.0000000e+00	
   1.0235164e+02	   1.0000000e+00	
   1.0235191e+02	   1.0000000e+00	
   1.0236023e+02	   1.0000000e+00	
   1.0236030e+02	   1.0000000e+00	
   1.0236829e+02	   1.0000000e+00	
   1.0237845e+02	   1.0000000e+00	
   1.0238692e+02	   1.0000000e+00	
   1.0238720e+02	   1.0000000e+00	
   1.0239343e+02	   1.0000000e+00	
   1.0239760e+02	   1.0000000e+00	
   1.0239766e+02	   1.0000000e+00	
   1.0239895e+02	   0.0000000e+00	
   1.0240006e+02	   1.0000000e+00	
   1.0240204e+02	   1.0000000e+00	
   1.0240499e+02	   1.0000000e+00	
   1.0240963e+02	   0.0000000e+00	
   1.0241493e+02	   0.0000000e+00	
   1.0242288e+02	   0.0000000e+00	
   1.0242323e+02	   0.0000000e+00	
   1.0243138e+02	   1.0000000e+00	
   1.0243276e+02	   1.0000000e+00	
   1.0243525e+02	   1.0000000e+00	
   1.0243755e+02	   1.0000000e+00	
   1.0244126e+02	   1.0000000e+00	
   1.0244189e+02	   0.0000000e+00	
   1.0244190e+02	   1.0000000e+00	
   1.0244616e+02	   0.0000000e+00	
   1.0244654e+02	   1.0000000e+00	
   1.0244851e+02	   1.0000000e+00	
   1.0245155e+02	   1.0000000e+00	
   1.0245383e+02	   1.0000000e+00	
   1.0245788e+02	   1.0000000e+00	
   1.0246714e+02	   1.0000000e+00	
   1.0247034e+02	   1.0000000e+00	
   1.0247156e+02	   1.0000000e+00	
   1.0247311e+02	   1.0000000e+00	
   1.0248289e+02	   1.0000000e+00	
   1.0248656e+02	   0.0000000e+00	
   1.0248766e+02	   1.0000000e+00	
   1.0248851e+02	   1.0000000e+00	
   1.0249259e+02	   0.0000000e+00	
   1.0249364e+02	   1.0000000e+00	
   1.0250671e+02	   1.0000000e+00	
   1.0250754e+02	   1.0000000e+00	
   1.0250755e+02	   1.0000000e+00	
   1.0251247e+02	   1.0000000e+00	
   1.0251813e+02	   1.0000000e+00	
   1.0252022e+02	   1.0000000e+00	
   1.0253123e+02	   0.0000000e+00	
   1.0253179e+02	   1.0000000e+00	
   1.0253825e+02	   0.0000000e+00	
   1.0253864e+02	   1.0000000e+00	
   1.0254188e+02	   1.0000000e+00	
   1.0254209e+02	   1.0000000e+00	
   1.0255078e+02	   1.0000000e+00	
   1.0255249e+02	   0.0000000e+00	
   1.0255288e+02	   0.0000000e+00	
   1.0255324e+02	   0.0000000e+00	
   1.0255900e+02	   0.0000000e+00	
   1.0256050e+02	   0.0000000e+00	
   1.0256135e+02	   1.0000000e+00	
   1.0256341e+02	   1.0000000e+00	
   1.0256670e+02	   1.0000000e+00	
   1.0256825e+02	   1.0000000e+00	
   1.0257305e+02	   0.0000000e+00	
   1.0257430e+02	   0.0000000e+00	
   1.0257447e+02	   1.0000000e+00	
   1.0257482e+02	   1.0000000e+00	
   1.0257802e+02	   1.0000000e+00	
   1.0257983e+02	   1.0000000e+00	
   1.0258027e+02	   1.0000000e+00	
   1.0258071e+02	   1.0000000e+00	
   1.0258355e+02	   1.0000000e+00	
   1.0258562e+02	   0.0000000e+00	
   1.0258853e+02	   1.0000000e+00	
   1.0259335e+02	   1.0000000e+00	
   1.0259735e+02	   1.0000000e+00	
   1.0260198e+02	   1.0000000e+00	
   1.0260261e+02	   1.0000000e+00	
   1.0260571e+02	   1.0000000e+00	
   1.0261341e+02	   1.0000000e+00	
   1.0262834e+02	   0.0000000e+00	
   1.0262984e+02	   1.0000000e+00	
   1.0263616e+02	   1.0000000e+00	
   1.0263650e+02	   1.0000000e+00	
   1.0263813e+02	   1.0000000e+00	
   1.0265399e+02	   0.0000000e+00	
   1.0266226e+02	   1.0000000e+00	
   1.0266703e+02	   1.0000000e+00	
   1.0266783e+02	   1.0000000e+00	
   1.0266828e+02	   1.0000000e+00	
   1.0267503e+02	   1.0000000e+00	
   1.0267563e+02	   1.0000000e+00	
   1.0268223e+02	   1.0000000e+00	
   1.0268489e+02	   0.0000000e+00	
   1.0268598e+02	   1.0000000e+00	
   1.0269243e+02	   0.0000000e+00	
   1.0269324e+02	   1.0000000e+00	
   1.0269481e+02	   1.0000000e+00	
   1.0269720e+02	   1.0000000e+00	
   1.0270210e+02	   1.0000000e+00	
   1.0270575e+02	   0.0000000e+00	
   1.0271017e+02	   1.0000000e+00	
   1.0271072e+02	   0.0000000e+00	
   1.0271121e+02	   1.0000000e+00	
   1.0272308e+02	   1.0000000e+00	
   1.0272408e+02	   1.0000000e+00	
   1.0272655e+02	   1.0000000e+00	
   1.0273024e+02	   1.0000000e+00	
   1.0273193e+02	   1.0000000e+00	
   1.0273392e+02	   1.0000000e+00	
   1.0273765e+02	   0.0000000e+00	
   1.0273784e+02	   0.0000000e+00	
   1.0274036e+02	   1.0000000e+00	
   1.0275136e+02	   1.0000000e+00	
   1.0275960e+02	   1.0000000e+00	
   1.0277033e+02	   1.0000000e+00	
   1.0277509e+02	   1.0000000e+00	
   1.0277550e+02	   0.0000000e+00	
   1.0277673e+02	   1.0000000e+00	
   1.0277761e+02	   0.0000000e+00	
   1.0277931e+02	   1.0000000e+00	
   1.0278336e+02	   0.0000000e+00	
   1.0278347e+02	   1.0000000e+00	
   1.0278545e+02	   0.0000000e+00	
   1.0280704e+02	   1.0000000e+00	
   1.0280966e+02	   1.0000000e+00	
   1.0281844e+02	   1.0000000e+00	
   1.0281879e+02	   1.0000000e+00	
   1.0282457e+02	   1.0000000e+00	
   1.0282610e+02	   1.0000000e+00	
   1.0282922e+02	   0.0000000e+00	
   1.0282972e+02	   1.0000000e+00	
   1.0283287e+02	   1.0000000e+00	
   1.0284265e+02	   1.0000000e+00	
   1.0284629e+02	   0.0000000e+00	
   1.0285331e+02	   1.0000000e+00	
   1.0285382e+02	   1.0000000e+00	
   1.0285468e+02	   1.0000000e+00	
   1.0285652e+02	   1.0000000e+00	
   1.0285674e+02	   1.0000000e+00	
   1.0285926e+02	   1.0000000e+00	
   1.0287246e+02	   1.0000000e+00	
   1.0287329e+02	   0.0000000e+00	
   1.0287400e+02	   1.0000000e+00	
   1.0287959e+02	   0.0000000e+00	
   1.0288050e+02	   0.0000000e+00	
   1.0288537e+02	   1.0000000e+00	
   1.0289026e+02	   1.0000000e+00	
   1.0289128e+02	   1.0000000e+00	
   1.0290105e+02	   0.0000000e+00	
   1.0290298e+02	   1.0000000e+00	
   1.0290769e+02	   1.0000000e+00	
   1.0291077e+02	   1.0000000e+00	
   1.0292925e+02	   1.0000000e+00	
   1.0293049e+02	   1.0000000e+00	
   1.0293166e+02	   1.0000000e+00	
   1.0293367e+02	   1.0000000e+00	
   1.0293936e+02	   0.0000000e+00	
   1.0294220e+02	   1.0000000e+00	
   1.0295365e+02	   0.0000000e+00	
   1.0296190e+02	   1.0000000e+00	
   1.0296589e+02	   1.0000000e+00	
   1.0296699e+02	   1.0000000e+00	
   1.0298133e+02	   1.0000000e+00	
   1.0298261e+02	   1.0000000e+00	
   1.0298282e+02	   0.0000000e+00	
   1.0298818e+02	   1.0000000e+00	
   1.0299066e+02	   1.0000000e+00	
   1.0299118e+02	   1.0000000e+00	
   1.0299398e+02	   1.0000000e+00	
   1.0299807e+02	   1.0000000e+00	
   1.0300164e+02	   1.0000000e+00	
   1.0300378e+02	   1.0000000e+00	
   1.0300989e+02	   1.0000000e+00	
   1.0302589e+02	   1.0000000e+00	
   1.0302737e+02	   1.0000000e+00	
   1.0302749e+02	   1.0000000e+00	
   1.0303130e+02	   1.0000000e+00	
   1.0304226e+02	   0.0000000e+00	
   1.0304443e+02	   1.0000000e+00	
   1.0305874e+02	   1.0000000e+00	
   1.0305932e+02	   1.0000000e+00	
   1.0305940e+02	   1.0000000e+00	
   1.0306229e+02	   0.0000000e+00	
   1.0307406e+02	   0.0000000e+00	
   1.0307666e+02	   1.0000000e+00	
   1.0307864e+02	   1.0000000e+00	
   1.0309213e+02	   1.0000000e+00	
   1.0309461e+02	   1.0000000e+00	
   1.0309652e+02	   1.0000000e+00	
   1.0309801e+02	   1.0000000e+00	
   1.0310149e+02	   1.0000000e+00	
   1.0310164e+02	   0.0000000e+00	
   1.0311439e+02	   1.0000000e+00	
   1.0311614e+02	   1.0000000e+00	
   1.0312675e+02	   0.0000000e+00	
   1.0312809e+02	   1.0000000e+00	
   1.0313719e+02	   1.0000000e+00	
   1.0313911e+02	   1.0000000e+00	
   1.0313997e+02	   1.0000000e+00	
   1.0314153e+02	   0.0000000e+00	
   1.0314607e+02	   1.0000000e+00	
   1.0315287e+02	   0.0000000e+00	
   1.0315296e+02	   1.0000000e+00	
   1.0316400e+02	   0.0000000e+00	
   1.0317378e+02	   1.0000000e+00	
   1.0317383e+02	   1.0000000e+00	
   1.0317516e+02	   1.0000000e+00	
   1.0318250e+02	   0.0000000e+00	
   1.0319072e+02	   0.0000000e+00	
   1.0319358e+02	   1.0000000e+00	
   1.0321001e+02	   1.0000000e+00	
   1.0321687e+02	   0.0000000e+00	
   1.0322009e+02	   0.0000000e+00	
   1.0322470e+02	   1.0000000e+00	
   1.0323670e+02	   1.0000000e+00	
   1.0323778e+02	   1.0000000e+00	
   1.0324194e+02	   0.0000000e+00	
   1.0324202e+02	   1.0000000e+00	
   1.0325026e+02	   1.0000000e+00	
   1.0325563e+02	   0.0000000e+00	
   1.0326247e+02	   1.0000000e+00	
   1.0326270e+02	   1.0000000e+00	
   1.0326426e+02	   1.0000000e+00	
   1.0327600e+02	   1.0000000e+00	
   1.0328723e+02	   1.0000000e+00	
   1.0329160e+02	   1.0000000e+00	
   1.0330111e+02	   0.0000000e+00	
   1.0330189e+02	   1.0000000e+00	
   1.0330582e+02	   1.0000000e+00	
   1.0331217e+02	   1.0000000e+00	
   1.0331262e+02	   0.0000000e+00	
   1.0331598e+02	   1.0000000e+00	
   1.0332198e+02	   1.0000000e+00	
   1.0332723e+02	   1.0000000e+00	
   1.0333312e+02	   0.0000000e+00	
   1.0334211e+02	   0.0000000e+00	
   1.0334654e+02	   1.0000000e+00	
   1.0334723e+02	   1.0000000e+00	
   1.0334799e+02	   1.0000000e+00	
   1.0335417e+02	   1.0000000e+00	
   1.0336458e+02	   1.0000000e+00	
   1.0338154e+02	   1.0000000e+00	
   1.0338463e+02	   1.0000000e+00	
   1.0338711e+02	   1.0000000e+00	
   1.0339019e+02	   0.0000000e+00	
   1.0339123e+02	   1.0000000e+00	
   1.0339601e+02	   1.0000000e+00	
   1.0339890e+02	   1.0000000e+00	
   1.0339968e+02	   1.0000000e+00	
   1.0340360e+02	   1.0000000e+00	
   1.0340376e+02	   0.0000000e+00	
   1.0340447e+02	   1.0000000e+00	
   1.0342776e+02	   0.0000000e+00	
   1.0342903e+02	   1.0000000e+00	
   1.0342984e+02	   1.0000000e+00	
   1.0343314e+02	   1.0000000e+00	
   1.0343538e+02	   0.0000000e+00	
   1.0343579e+02	   1.0000000e+00	
   1.0343795e+02	   1.0000000e+00	
   1.0343802e+02	   1.0000000e+00	
   1.0343979e+02	   1.0000000e+00	
   1.0344044e+02	   1.0000000e+00	
   1.0344629e+02	   1.0000000e+00	
   1.0345278e+02	   1.0000000e+00	
   1.0345562e+02	   1.0000000e+00	
   1.0346283e+02	   1.0000000e+00	
   1.0346828e+02	   1.0000000e+00	
   1.0347358e+02	   1.0000000e+00	
   1.0347604e+02	   1.0000000e+00	
   1.0347744e+02	   1.0000000e+00	
   1.0348340e+02	   1.0000000e+00	
   1.0348418e+02	   1.0000000e+00	
   1.0349178e+02	   1.0000000e+00	
   1.0352395e+02	   1.0000000e+00	
   1.0352538e+02	   1.0000000e+00	
   1.0352670e+02	   1.0000000e+00	
   1.0352984e+02	   1.0000000e+00	
   1.0353351e+02	   1.0000000e+00	
   1.0355470e+02	   0.0000000e+00	
   1.0355505e+02	   1.0000000e+00	
   1.0356012e+02	   1.0000000e+00	
   1.0356633e+02	   1.0000000e+00	
   1.0357160e+02	   1.0000000e+00	
   1.0357777e+02	   1.0000000e+00	
   1.0358495e+02	   0.0000000e+00	
   1.0358878e+02	   0.0000000e+00	
   1.0359138e+02	   0.0000000e+00	
   1.0359311e+02	   1.0000000e+00	
   1.0359670e+02	   0.0000000e+00	
   1.0359876e+02	   0.0000000e+00	
   1.0360264e+02	   0.0000000e+00	
   1.0360940e+02	   0.0000000e+00	
   1.0362046e+02	   0.0000000e+00	
   1.0363645e+02	   1.0000000e+00	
   1.0363994e+02	   0.0000000e+00	
   1.0363994e+02	   1.0000000e+00	
   1.0364281e+02	   1.0000000e+00	
   1.0364339e+02	   1.0000000e+00	
   1.0364475e+02	   1.0000000e+00	
   1.0366345e+02	   1.0000000e+00	
   1.0366504e+02	   1.0000000e+00	
   1.0368176e+02	   0.0000000e+00	
   1.0368398e+02	   1.0000000e+00	
   1.0368575e+02	   0.0000000e+00	
   1.0369296e+02	   1.0000000e+00	
   1.0369649e+02	   0.0000000e+00	
   1.0370094e+02	   1.0000000e+00	
   1.0370207e+02	   0.0000000e+00	
   1.0372481e+02	   1.0000000e+00	
   1.0374340e+02	   0.0000000e+00	
   1.0374427e+02	   1.0000000e+00	
   1.0374684e+02	   0.0000000e+00	
   1.0375031e+02	   0.0000000e+00	
   1.0375063e+02	   0.0000000e+00	
   1.0375353e+02	   1.0000000e+00	
   1.0375928e+02	   1.0000000e+00	
   1.0377845e+02	   1.0000000e+00	
   1.0378216e+02	   1.0000000e+00	
   1.0378968e+02	   0.0000000e+00	
   1.0379633e+02	   1.0000000e+00	
   1.0379730e+02	   1.0000000e+00	
   1.0380043e+02	   1.0000000e+00	
   1.0381361e+02	   1.0000000e+00	
   1.0382388e+02	   1.0000000e+00	
   1.0383695e+02	   0.0000000e+00	
   1.0384233e+02	   0.0000000e+00	
   1.0384555e+02	   1.0000000e+00	
   1.0385789e+02	   0.0000000e+00	
   1.0385845e+02	   1.0000000e+00	
   1.0385851e+02	   1.0000000e+00	
   1.0386994e+02	   0.0000000e+00	
   1.0388670e+02	   1.0000000e+00	
   1.0389498e+02	   0.0000000e+00	
   1.0389707e+02	   1.0000000e+00	
   1.0390544e+02	   0.0000000e+00	
   1.0391033e+02	   1.0000000e+00	
   1.0391161e+02	   0.0000000e+00	
   1.0392601e+02	   0.0000000e+00	
   1.0392663e+02	   0.0000000e+00	
   1.0393036e+02	   0.0000000e+00	
   1.0393087e+02	   0.0000000e+00	
   1.0394079e+02	   0.0000000e+00	
   1.0395205e+02	   1.0000000e+00	
   1.0396851e+02	   1.0000000e+00	
   1.0397159e+02	   1.0000000e+00	
   1.0398373e+02	   0.0000000e+00	
   1.0398398e+02	   1.0000000e+00	
   1.0400198e+02	   0.0000000e+00	
   1.0402524e+02	   0.0000000e+00	
   1.0402914e+02	   1.0000000e+00	
   1.0403526e+02	   1.0000000e+00	
   1.0404719e+02	   1.0000000e+00	
   1.0405204e+02	   1.0000000e+00	
   1.0406112e+02	   1.0000000e+00	
   1.0406242e+02	   0.0000000e+00	
   1.0407837e+02	   1.0000000e+00	
   1.0408127e+02	   0.0000000e+00	
   1.0408638e+02	   1.0000000e+00	
   1.0409074e+02	   1.0000000e+00	
   1.0412566e+02	   1.0000000e+00	
   1.0413642e+02	   1.0000000e+00	
   1.0414101e+02	   0.0000000e+00	
   1.0414664e+02	   0.0000000e+00	
   1.0416459e+02	   1.0000000e+00	
   1.0416535e+02	   0.0000000e+00	
   1.0418827e+02	   0.0000000e+00	
   1.0420876e+02	   1.0000000e+00	
   1.0421044e+02	   0.0000000e+00	
   1.0421294e+02	   0.0000000e+00	
   1.0421683e+02	   1.0000000e+00	
   1.0423722e+02	   1.0000000e+00	
   1.0424992e+02	   1.0000000e+00	
   1.0425721e+02	   0.0000000e+00	
   1.0427090e+02	   1.0000000e+00	
   1.0428174e+02	   0.0000000e+00	
   1.0428559e+02	   1.0000000e+00	
   1.0428702e+02	   0.0000000e+00	
   1.0428857e+02	   1.0000000e+00	
   1.0429534e+02	   0.0000000e+00	
   1.0430064e+02	   1.0000000e+00	
   1.0432253e+02	   1.0000000e+00	
   1.0432982e+02	   1.0000000e+00	
   1.0433724e+02	   1.0000000e+00	
   1.0434474e+02	   0.0000000e+00	
   1.0434853e+02	   1.0000000e+00	
   1.0435568e+02	   1.0000000e+00	
   1.0435832e+02	   1.0000000e+00	
   1.0437014e+02	   1.0000000e+00	
   1.0438463e+02	   1.0000000e+00	
   1.0439073e+02	   1.0000000e+00	
   1.0439651e+02	   1.0000000e+00	
   1.0441966e+02	   1.0000000e+00	
   1.0442087e+02	   1.0000000e+00	
   1.0442755e+02	   1.0000000e+00	
   1.0444050e+02	   1.0000000e+00	
   1.0445356e+02	   1.0000000e+00	
   1.0447189e+02	   1.0000000e+00	
   1.0449048e+02	   0.0000000e+00	
   1.0450538e+02	   1.0000000e+00	
   1.0450613e+02	   0.0000000e+00	
   1.0451979e+02	   0.0000000e+00	
   1.0455384e+02	   0.0000000e+00	
   1.0456743e+02	   1.0000000e+00	
   1.0456912e+02	   0.0000000e+00	
   1.0457579e+02	   0.0000000e+00	
   1.0458062e+02	   1.0000000e+00	
   1.0459994e+02	   0.0000000e+00	
   1.0460412e+02	   1.0000000e+00	
   1.0460543e+02	   0.0000000e+00	
   1.0460921e+02	   1.0000000e+00	
   1.0464954e+02	   1.0000000e+00	
   1.0469886e+02	   0.0000000e+00	
   1.0473141e+02	   1.0000000e+00	
   1.0474053e+02	   0.0000000e+00	
   1.0474466e+02	   0.0000000e+00	
   1.0475237e+02	   1.0000000e+00	
   1.0477196e+02	   1.0000000e+00	
   1.0478674e+02	   1.0000000e+00	
   1.0481035e+02	   0.0000000e+00	
   1.0484002e+02	   0.0000000e+00	
   1.0485374e+02	   1.0000000e+00	
   1.0486014e+02	   0.0000000e+00	
   1.0486667e+02	   0.0000000e+00	
   1.0490215e+02	   1.0000000e+00	
   1.0490227e+02	   1.0000000e+00	
   1.0490516e+02	   0.0000000e+00	
   1.0498755e+02	   0.0000000e+00	
   1.0503782e+02	   0.0000000e+00	
   1.0508212e+02	   1.0000000e+00	
   1.0509222e+02	   1.0000000e+00	
   1.0510186e+02	   0.0000000e+00	
   1.0511227e+02	   0.0000000e+00	
   1.0513718e+02	   1.0000000e+00	
   1.0515062e+02	   0.0000000e+00	
   1.0515605e+02	   1.0000000e+00	
   1.0517556e+02	   1.0000000e+00	
   1.0518063e+02	   0.0000000e+00	
   1.0519518e+02	   1.0000000e+00	
   1.0520302e+02	   1.0000000e+00	
   1.0520430e+02	   1.0000000e+00	
   1.0521166e+02	   0.0000000e+00	
   1.0522179e+02	   0.0000000e+00	
   1.0526683e+02	   0.0000000e+00	
   1.0527625e+02	   0.0000000e+00	
   1.0544081e+02	   0.0000000e+00	
   1.0547517e+02	   0.0000000e+00	
   1.0553284e+02	   1.0000000e+00	
   1.0553721e+02	   0.0000000e+00	
   1.0558493e+02	   1.0000000e+00	
   1.0558793e+02	   1.0000000e+00	
   1.0559751e+02	   1.0000000e+00	
   1.0563593e+02	   1.0000000e+00	
   1.0563847e+02	   1.0000000e+00	
   1.0567922e+02	   0.0000000e+00	
   1.0581148e+02	   0.0000000e+00	
   1.0582002e+02	   1.0000000e+00	
   1.0583489e+02	   0.0000000e+00	
   1.0583632e+02	   0.0000000e+00	
   1.0589864e+02	   0.0000000e+00	
   1.0599538e+02	   1.0000000e+00	
   1.0606325e+02	   0.0000000e+00	
   1.0611006e+02	   0.0000000e+00	
   1.0614734e+02	   0.0000000e+00	
   1.0615337e+02	   0.0000000e+00	
   1.0620195e+02	   0.0000000e+00	
   1.0626637e+02	   0.0000000e+00	
   1.0647136e+02	   0.0000000e+00	
   1.0647269e+02	   0.0000000e+00	
   1.0654685e+02	   0.0000000e+00	
   1.0657383e+02	   0.0000000e+00	
   1.0658647e+02	   0.0000000e+00	
   1.0662324e+02	   0.0000000e+00	
   1.0664316e+02	   1.0000000e+00	
   1.0668155e+02	   0.0000000e+00	
   1.0670290e+02	   0.0000000e+00	
   1.0670900e+02	   0.0000000e+00	
   1.0672999e+02	   0.0000000e+00	
   1.0673736e+02	   0.0000000e+00	
   1.0674744e+02	   0.0000000e+00	
   1.0686995e+02	   0.0000000e+00	
   1.0688290e+02	   0.0000000e+00	
   1.0695371e+02	   0.0000000e+00	
   1.0698422e+02	   0.0000000e+00	
   1.0717507e+02	   1.0000000e+00	
   1.0725707e+02	   0.0000000e+00	
   1.0727770e+02	   0.0000000e+00	
   1.0736202e+02	   0.0000000e+00	
   1.0742993e+02	   0.0000000e+00	
   1.0761197e+02	   0.0000000e+00	
   1.0821284e+02	   0.0000000e+00	
   1.0830654e+02	   0.0000000e+00	
   1.0836357e+02	   0.0000000e+00	
   1.0903254e+02	   0.0000000e+00	
   1.0917423e+02	   0.0000000e+00	
   1.1108671e+02	   0.0000000e+00	
